alphabet,id,han_num,chinese_name,pinyin_initial
A,abandoned_camp_map,6,废弃营地地图,F
A,acacia_boat,5,金合欢木船,J
A,acacia_button,6,金合欢木按钮,J
A,acacia_chest_boat,7,金合欢木运输船,J
A,acacia_door,5,金合欢木门,J
A,acacia_fence,6,金合欢木栅栏,J
A,acacia_fence_gate,7,金合欢木栅栏门,J
A,acacia_hanging_sign,10,悬挂式金合欢木告示牌,X
A,acacia_leaves,5,金合欢树叶,J
A,acacia_log,5,金合欢原木,J
A,acacia_planks,5,金合欢木板,J
A,acacia_pressure_plate,7,金合欢木压力板,J
A,acacia_sapling,5,金合欢树苗,J
A,acacia_shelf,7,金合欢木展示架,J
A,acacia_sign,7,金合欢木告示牌,J
A,acacia_slab,6,金合欢木台阶,J
A,acacia_stairs,6,金合欢木楼梯,J
A,acacia_trapdoor,7,金合欢木活板门,J
A,acacia_wood,4,金合欢木,J
A,activator_rail,4,激活铁轨,J
A,allium,3,绒球葱,R
A,amethyst_block,4,紫水晶块,Z
A,amethyst_cluster,4,紫水晶簇,Z
A,amethyst_shard,5,紫水晶碎片,Z
A,ancient_debris,4,远古残骸,Y
A,andesite,3,安山岩,A
A,andesite_slab,5,安山岩台阶,A
A,andesite_stairs,5,安山岩楼梯,A
A,andesite_wall,4,安山岩墙,A
A,angler_pottery_sherd,6,垂钓纹样陶片,C
A,anvil,2,铁砧,T
A,apple,2,苹果,P
A,archer_pottery_sherd,6,弓箭纹样陶片,G
A,armadillo_scute,4,犰狳鳞甲,Q
A,armor_stand,3,盔甲架,K
A,arms_up_pottery_sherd,6,举臂纹样陶片,J
A,arrow,1,箭,J
A,axolotl_bucket,4,美西螈桶,M
A,azalea,4,杜鹃花丛,D
A,azalea_leaves,4,杜鹃树叶,D
A,azure_bluet,5,蓝花美耳草,L
B,baked_potato,4,烤马铃薯,K
B,bamboo,2,竹子,Z
B,bamboo_block,2,竹块,Z
B,bamboo_button,3,竹按钮,Z
B,bamboo_chest_raft,4,运输竹筏,Y
B,bamboo_door,2,竹门,Z
B,bamboo_fence,3,竹栅栏,Z
B,bamboo_fence_gate,4,竹栅栏门,Z
B,bamboo_hanging_sign,7,悬挂式竹告示牌,X
B,bamboo_mosaic,4,竹马赛克,Z
B,bamboo_mosaic_slab,6,竹马赛克台阶,Z
B,bamboo_mosaic_stairs,6,竹马赛克楼梯,Z
B,bamboo_planks,2,竹板,Z
B,bamboo_pressure_plate,4,竹压力板,Z
B,bamboo_raft,2,竹筏,Z
B,bamboo_shelf,4,竹展示架,Z
B,bamboo_sign,4,竹告示牌,Z
B,bamboo_slab,3,竹台阶,Z
B,bamboo_stairs,3,竹楼梯,Z
B,bamboo_trapdoor,4,竹活板门,Z
B,barrel,2,木桶,M
B,basalt,3,玄武岩,X
B,beacon,2,信标,X
B,bee_nest,2,蜂巢,F
B,beef,3,生牛肉,S
B,beehive,2,蜂箱,F
B,beetroot,3,甜菜根,T
B,beetroot_seeds,4,甜菜种子,T
B,beetroot_soup,3,甜菜汤,T
B,bell,1,钟,Z
B,big_dripleaf,5,大型垂滴叶,D
B,birch_boat,4,白桦木船,B
B,birch_button,5,白桦木按钮,B
B,birch_chest_boat,6,白桦木运输船,B
B,birch_door,4,白桦木门,B
B,birch_fence,5,白桦木栅栏,B
B,birch_fence_gate,6,白桦木栅栏门,B
B,birch_hanging_sign,9,悬挂式白桦木告示牌,X
B,birch_leaves,4,白桦树叶,B
B,birch_log,4,白桦原木,B
B,birch_planks,4,白桦木板,B
B,birch_pressure_plate,6,白桦木压力板,B
B,birch_sapling,4,白桦树苗,B
B,birch_shelf,6,白桦木展示架,B
B,birch_sign,6,白桦木告示牌,B
B,birch_slab,5,白桦木台阶,B
B,birch_stairs,5,白桦木楼梯,B
B,birch_trapdoor,6,白桦木活板门,B
B,birch_wood,3,白桦木,B
B,black_banner,4,黑色旗帜,H
B,black_bed,3,黑色床,H
B,black_bundle,5,黑色收纳袋,H
B,black_candle,4,黑色蜡烛,H
B,black_carpet,4,黑色地毯,H
B,black_concrete,5,黑色混凝土,H
B,black_concrete_powder,7,黑色混凝土粉末,H
B,black_concrete_slab,7,黑色混凝土台阶,H
B,black_concrete_stairs,7,黑色混凝土楼梯,H
B,black_cushion,4,黑色坐垫,H
B,black_dye,4,黑色染料,H
B,black_glazed_terracotta,6,黑色带釉陶瓦,H
B,black_harness,4,黑色挽具,H
B,black_shulker_box,5,黑色潜影盒,H
B,black_stained_glass,6,黑色染色玻璃,H
B,black_stained_glass_pane,7,黑色染色玻璃板,H
B,black_terracotta,4,黑色陶瓦,H
B,black_wool,4,黑色羊毛,H
B,black_wool_slab,6,黑色羊毛台阶,H
B,black_wool_stairs,6,黑色羊毛楼梯,H
B,blackstone,2,黑石,H
B,blackstone_slab,4,黑石台阶,H
B,blackstone_stairs,4,黑石楼梯,H
B,blackstone_wall,3,黑石墙,H
B,blade_pottery_sherd,6,利刃纹样陶片,L
B,blast_furnace,2,高炉,G
B,blaze_powder,3,烈焰粉,L
B,blaze_rod,3,烈焰棒,L
B,blue_banner,4,蓝色旗帜,L
B,blue_bed,3,蓝色床,L
B,blue_bundle,5,蓝色收纳袋,L
B,blue_candle,4,蓝色蜡烛,L
B,blue_carpet,4,蓝色地毯,L
B,blue_concrete,5,蓝色混凝土,L
B,blue_concrete_powder,7,蓝色混凝土粉末,L
B,blue_concrete_slab,7,蓝色混凝土台阶,L
B,blue_concrete_stairs,7,蓝色混凝土楼梯,L
B,blue_cushion,4,蓝色坐垫,L
B,blue_dye,4,蓝色染料,L
B,blue_egg,4,蓝色鸡蛋,L
B,blue_glazed_terracotta,6,蓝色带釉陶瓦,L
B,blue_harness,4,蓝色挽具,L
B,blue_ice,2,蓝冰,L
B,blue_orchid,2,兰花,L
B,blue_shulker_box,5,蓝色潜影盒,L
B,blue_stained_glass,6,蓝色染色玻璃,L
B,blue_stained_glass_pane,7,蓝色染色玻璃板,L
B,blue_terracotta,4,蓝色陶瓦,L
B,blue_wool,4,蓝色羊毛,L
B,blue_wool_slab,6,蓝色羊毛台阶,L
B,blue_wool_stairs,6,蓝色羊毛楼梯,L
B,bolt_armor_trim_smithing_template,4,锻造模板,D
B,bone,2,骨头,G
B,bone_block,2,骨块,G
B,bone_meal,2,骨粉,G
B,book,1,书,S
B,bookshelf,2,书架,S
B,bordure_indented_banner_pattern,7,波纹边旗帜图案,B
B,bow,1,弓,G
B,bowl,1,碗,W
B,brain_coral,4,脑纹珊瑚,N
B,brain_coral_block,5,脑纹珊瑚块,N
B,brain_coral_fan,5,脑纹珊瑚扇,N
B,bread,2,面包,M
B,breeze_rod,3,旋风棒,X
B,brewer_pottery_sherd,6,佳酿纹样陶片,J
B,brewing_stand,3,酿造台,N
B,brick,2,红砖,H
B,brick_slab,4,红砖台阶,H
B,brick_stairs,4,红砖楼梯,H
B,brick_wall,3,红砖墙,H
B,bricks,3,红砖块,H
B,brown_banner,4,棕色旗帜,Z
B,brown_bed,3,棕色床,Z
B,brown_bundle,5,棕色收纳袋,Z
B,brown_candle,4,棕色蜡烛,Z
B,brown_carpet,4,棕色地毯,Z
B,brown_concrete,5,棕色混凝土,Z
B,brown_concrete_powder,7,棕色混凝土粉末,Z
B,brown_concrete_slab,7,棕色混凝土台阶,Z
B,brown_concrete_stairs,7,棕色混凝土楼梯,Z
B,brown_cushion,4,棕色坐垫,Z
B,brown_dye,4,棕色染料,Z
B,brown_egg,4,棕色鸡蛋,Z
B,brown_glazed_terracotta,6,棕色带釉陶瓦,Z
B,brown_harness,4,棕色挽具,Z
B,brown_mushroom,4,棕色蘑菇,Z
B,brown_mushroom_block,6,棕色蘑菇方块,Z
B,brown_shulker_box,5,棕色潜影盒,Z
B,brown_stained_glass,6,棕色染色玻璃,Z
B,brown_stained_glass_pane,7,棕色染色玻璃板,Z
B,brown_terracotta,4,棕色陶瓦,Z
B,brown_wool,4,棕色羊毛,Z
B,brown_wool_slab,6,棕色羊毛台阶,Z
B,brown_wool_stairs,6,棕色羊毛楼梯,Z
B,brush,2,刷子,S
B,bubble_coral,4,气泡珊瑚,Q
B,bubble_coral_block,5,气泡珊瑚块,Q
B,bubble_coral_fan,5,气泡珊瑚扇,Q
B,bucket,2,铁桶,T
B,bundle,3,收纳袋,S
B,buried_ancient_city_map,9,埋藏的远古城市地图,M
B,buried_mineshaft_map,9,埋藏的废弃矿井地图,M
B,buried_treasure_map,3,藏宝图,C
B,burn_pottery_sherd,6,烈焰纹样陶片,L
B,bush,3,灌木丛,G
C,cactus,3,仙人掌,X
C,cactus_flower,4,仙人掌花,X
C,cake,2,蛋糕,D
C,calcite,3,方解石,F
C,calibrated_sculk_sensor,7,校频幽匿感测体,J
C,campfire,2,营火,Y
C,candle,2,蜡烛,L
C,carrot,3,胡萝卜,H
C,carrot_on_a_stick,5,胡萝卜钓竿,H
C,cartography_table,3,制图台,Z
C,carved_pumpkin,4,雕刻南瓜,D
C,cauldron,3,炼药锅,L
C,chainmail_boots,4,锁链靴子,S
C,chainmail_chestplate,4,锁链胸甲,S
C,chainmail_helmet,4,锁链头盔,S
C,chainmail_leggings,4,锁链护腿,S
C,charcoal,2,木炭,M
C,cherry_boat,4,樱花木船,Y
C,cherry_button,5,樱花木按钮,Y
C,cherry_chest_boat,6,樱花木运输船,Y
C,cherry_door,4,樱花木门,Y
C,cherry_fence,5,樱花木栅栏,Y
C,cherry_fence_gate,6,樱花木栅栏门,Y
C,cherry_hanging_sign,9,悬挂式樱花木告示牌,X
C,cherry_leaves,4,樱花树叶,Y
C,cherry_log,4,樱花原木,Y
C,cherry_planks,4,樱花木板,Y
C,cherry_pressure_plate,6,樱花木压力板,Y
C,cherry_sapling,4,樱花树苗,Y
C,cherry_shelf,6,樱花木展示架,Y
C,cherry_sign,6,樱花木告示牌,Y
C,cherry_slab,5,樱花木台阶,Y
C,cherry_stairs,5,樱花木楼梯,Y
C,cherry_trapdoor,6,樱花木活板门,Y
C,cherry_wood,3,樱花木,Y
C,chest,2,箱子,X
C,chest_minecart,4,运输矿车,Y
C,chicken,3,生鸡肉,S
C,chipped_anvil,5,开裂的铁砧,K
C,chiseled_bookshelf,4,雕纹书架,D
C,chiseled_cinnabar,4,雕纹朱砂,D
C,chiseled_copper,4,雕纹铜块,D
C,chiseled_deepslate,5,雕纹深板岩,D
C,chiseled_nether_bricks,6,雕纹下界砖块,D
C,chiseled_polished_blackstone,6,雕纹磨制黑石,D
C,chiseled_quartz_block,5,雕纹石英块,D
C,chiseled_red_sandstone,5,雕纹红砂岩,D
C,chiseled_resin_bricks,6,雕纹树脂砖块,D
C,chiseled_sandstone,4,雕纹砂岩,D
C,chiseled_stone_bricks,4,雕纹石砖,D
C,chiseled_sulfur,4,雕纹硫黄,D
C,chiseled_tuff,5,雕纹凝灰岩,D
C,chiseled_tuff_bricks,6,雕纹凝灰岩砖,D
C,chorus_flower,3,紫颂花,Z
C,chorus_fruit,3,紫颂果,Z
C,cinnabar,2,朱砂,Z
C,cinnabar_brick_slab,5,朱砂砖台阶,Z
C,cinnabar_brick_stairs,5,朱砂砖楼梯,Z
C,cinnabar_brick_wall,4,朱砂砖墙,Z
C,cinnabar_bricks,3,朱砂砖,Z
C,cinnabar_slab,4,朱砂台阶,Z
C,cinnabar_stairs,4,朱砂楼梯,Z
C,cinnabar_wall,3,朱砂墙,Z
C,clay,2,黏土,N
C,clay_ball,3,黏土球,N
C,clock,2,时钟,S
C,closed_eyeblossom,6,闭合的眼眸花,B
C,coal,2,煤炭,M
C,coal_block,3,煤炭块,M
C,coal_ore,3,煤矿石,M
C,coarse_dirt,2,砂土,S
C,coast_armor_trim_smithing_template,4,锻造模板,D
C,cobbled_deepslate,5,深板岩圆石,S
C,cobbled_deepslate_slab,7,深板岩圆石台阶,S
C,cobbled_deepslate_stairs,7,深板岩圆石楼梯,S
C,cobbled_deepslate_wall,6,深板岩圆石墙,S
C,cobblestone,2,圆石,Y
C,cobblestone_slab,4,圆石台阶,Y
C,cobblestone_stairs,4,圆石楼梯,Y
C,cobblestone_wall,3,圆石墙,Y
C,cobweb,3,蜘蛛网,Z
C,cocoa_beans,3,可可豆,K
C,cod,3,生鳕鱼,S
C,cod_bucket,3,鳕鱼桶,X
C,comparator,5,红石比较器,H
C,compass,3,指南针,Z
C,composter,3,堆肥桶,D
C,conduit,4,潮涌核心,C
C,cooked_beef,2,牛排,N
C,cooked_chicken,3,熟鸡肉,S
C,cooked_cod,3,熟鳕鱼,S
C,cooked_mutton,3,熟羊肉,S
C,cooked_porkchop,3,熟猪排,S
C,cooked_rabbit,3,熟兔肉,S
C,cooked_salmon,3,熟鲑鱼,S
C,cookie,2,曲奇,Q
C,copper_axe,2,铜斧,T
C,copper_bars,3,铜栏杆,T
C,copper_block,2,铜块,T
C,copper_boots,3,铜靴子,T
C,copper_bulb,2,铜灯,T
C,copper_chain,2,铜链,T
C,copper_chest,3,铜箱子,T
C,copper_chestplate,3,铜胸甲,T
C,copper_door,2,铜门,T
C,copper_golem_statue,4,铜傀儡像,T
C,copper_grate,3,铜格栅,T
C,copper_helmet,3,铜头盔,T
C,copper_hoe,2,铜锄,T
C,copper_horse_armor,3,铜马铠,T
C,copper_ingot,2,铜锭,T
C,copper_lantern,3,铜灯笼,T
C,copper_leggings,3,铜护腿,T
C,copper_nautilus_armor,5,铜鹦鹉螺铠,T
C,copper_nugget,2,铜粒,T
C,copper_ore,3,铜矿石,T
C,copper_pickaxe,2,铜镐,T
C,copper_shovel,2,铜锹,T
C,copper_spear,2,铜矛,T
C,copper_sword,2,铜剑,T
C,copper_torch,3,铜火把,T
C,copper_trapdoor,4,铜活板门,T
C,cornflower,3,矢车菊,S
C,cracked_deepslate_bricks,6,裂纹深板岩砖,L
C,cracked_deepslate_tiles,6,裂纹深板岩瓦,L
C,cracked_nether_bricks,6,裂纹下界砖块,L
C,cracked_polished_blackstone_bricks,7,裂纹磨制黑石砖,L
C,cracked_stone_bricks,4,裂纹石砖,L
C,crafter,3,合成器,H
C,crafting_table,3,工作台,G
C,creaking_heart,4,嘎枝之心,G
C,creeper_banner_pattern,4,旗帜图案,Q
C,creeper_head,5,苦力怕的头,K
C,crimson_button,5,绯红木按钮,F
C,crimson_door,4,绯红木门,F
C,crimson_fence,5,绯红木栅栏,F
C,crimson_fence_gate,6,绯红木栅栏门,F
C,crimson_fungus,3,绯红菌,F
C,crimson_hanging_sign,9,悬挂式绯红木告示牌,X
C,crimson_hyphae,4,绯红菌核,F
C,crimson_nylium,4,绯红菌岩,F
C,crimson_planks,4,绯红木板,F
C,crimson_pressure_plate,6,绯红木压力板,F
C,crimson_roots,4,绯红菌索,F
C,crimson_shelf,6,绯红木展示架,F
C,crimson_sign,6,绯红木告示牌,F
C,crimson_slab,5,绯红木台阶,F
C,crimson_stairs,5,绯红木楼梯,F
C,crimson_stem,4,绯红菌柄,F
C,crimson_trapdoor,6,绯红木活板门,F
C,crossbow,1,弩,N
C,crying_obsidian,6,哭泣的黑曜石,K
C,cut_copper,4,切制铜块,Q
C,cut_copper_slab,5,切制铜台阶,Q
C,cut_copper_stairs,5,切制铜楼梯,Q
C,cut_red_sandstone,5,切制红砂岩,Q
C,cut_red_sandstone_slab,7,切制红砂岩台阶,Q
C,cut_sandstone,4,切制砂岩,Q
C,cut_sandstone_slab,6,切制砂岩台阶,Q
C,cyan_banner,4,青色旗帜,Q
C,cyan_bed,3,青色床,Q
C,cyan_bundle,5,青色收纳袋,Q
C,cyan_candle,4,青色蜡烛,Q
C,cyan_carpet,4,青色地毯,Q
C,cyan_concrete,5,青色混凝土,Q
C,cyan_concrete_powder,7,青色混凝土粉末,Q
C,cyan_concrete_slab,7,青色混凝土台阶,Q
C,cyan_concrete_stairs,7,青色混凝土楼梯,Q
C,cyan_cushion,4,青色坐垫,Q
C,cyan_dye,4,青色染料,Q
C,cyan_glazed_terracotta,6,青色带釉陶瓦,Q
C,cyan_harness,4,青色挽具,Q
C,cyan_shulker_box,5,青色潜影盒,Q
C,cyan_stained_glass,6,青色染色玻璃,Q
C,cyan_stained_glass_pane,7,青色染色玻璃板,Q
C,cyan_terracotta,4,青色陶瓦,Q
C,cyan_wool,4,青色羊毛,Q
C,cyan_wool_slab,6,青色羊毛台阶,Q
C,cyan_wool_stairs,6,青色羊毛楼梯,Q
D,damaged_anvil,5,损坏的铁砧,S
D,dandelion,3,蒲公英,P
D,danger_pottery_sherd,6,危机纹样陶片,W
D,dark_oak_boat,5,深色橡木船,S
D,dark_oak_button,6,深色橡木按钮,S
D,dark_oak_chest_boat,7,深色橡木运输船,S
D,dark_oak_door,5,深色橡木门,S
D,dark_oak_fence,6,深色橡木栅栏,S
D,dark_oak_fence_gate,7,深色橡木栅栏门,S
D,dark_oak_hanging_sign,10,悬挂式深色橡木告示牌,X
D,dark_oak_leaves,6,深色橡树树叶,S
D,dark_oak_log,6,深色橡木原木,S
D,dark_oak_planks,6,深色橡木木板,S
D,dark_oak_pressure_plate,7,深色橡木压力板,S
D,dark_oak_sapling,6,深色橡树树苗,S
D,dark_oak_shelf,7,深色橡木展示架,S
D,dark_oak_sign,7,深色橡木告示牌,S
D,dark_oak_slab,6,深色橡木台阶,S
D,dark_oak_stairs,6,深色橡木楼梯,S
D,dark_oak_trapdoor,7,深色橡木活板门,S
D,dark_oak_wood,4,深色橡木,S
D,dark_prismarine,4,暗海晶石,A
D,dark_prismarine_slab,6,暗海晶石台阶,A
D,dark_prismarine_stairs,6,暗海晶石楼梯,A
D,daylight_detector,5,阳光探测器,Y
D,dead_brain_coral,7,失活的脑纹珊瑚,S
D,dead_brain_coral_block,8,失活的脑纹珊瑚块,S
D,dead_brain_coral_fan,8,失活的脑纹珊瑚扇,S
D,dead_bubble_coral,7,失活的气泡珊瑚,S
D,dead_bubble_coral_block,8,失活的气泡珊瑚块,S
D,dead_bubble_coral_fan,8,失活的气泡珊瑚扇,S
D,dead_bush,5,枯萎的灌木,G
D,dead_fire_coral,6,失活的火珊瑚,S
D,dead_fire_coral_block,7,失活的火珊瑚块,S
D,dead_fire_coral_fan,7,失活的火珊瑚扇,S
D,dead_horn_coral,7,失活的鹿角珊瑚,S
D,dead_horn_coral_block,8,失活的鹿角珊瑚块,S
D,dead_horn_coral_fan,8,失活的鹿角珊瑚扇,S
D,dead_tube_coral,6,失活的管珊瑚,S
D,dead_tube_coral_block,7,失活的管珊瑚块,S
D,dead_tube_coral_fan,7,失活的管珊瑚扇,S
D,decorated_pot,4,饰纹陶罐,S
D,deepslate,3,深板岩,S
D,deepslate_brick_slab,6,深板岩砖台阶,S
D,deepslate_brick_stairs,6,深板岩砖楼梯,S
D,deepslate_brick_wall,5,深板岩砖墙,S
D,deepslate_bricks,4,深板岩砖,S
D,deepslate_coal_ore,5,深层煤矿石,S
D,deepslate_copper_ore,5,深层铜矿石,S
D,deepslate_diamond_ore,6,深层钻石矿石,S
D,deepslate_emerald_ore,7,深层绿宝石矿石,S
D,deepslate_gold_ore,5,深层金矿石,S
D,deepslate_iron_ore,5,深层铁矿石,S
D,deepslate_lapis_ore,7,深层青金石矿石,S
D,deepslate_redstone_ore,6,深层红石矿石,S
D,deepslate_tile_slab,6,深板岩瓦台阶,S
D,deepslate_tile_stairs,6,深板岩瓦楼梯,S
D,deepslate_tile_wall,5,深板岩瓦墙,S
D,deepslate_tiles,4,深板岩瓦,S
D,desert_pyramid_map,6,沙漠神殿地图,S
D,desert_village_map,6,沙漠村庄地图,S
D,detector_rail,4,探测铁轨,T
D,diamond,2,钻石,Z
D,diamond_axe,3,钻石斧,Z
D,diamond_block,3,钻石块,Z
D,diamond_boots,4,钻石靴子,Z
D,diamond_chestplate,4,钻石胸甲,Z
D,diamond_helmet,4,钻石头盔,Z
D,diamond_hoe,3,钻石锄,Z
D,diamond_horse_armor,4,钻石马铠,Z
D,diamond_leggings,4,钻石护腿,Z
D,diamond_nautilus_armor,6,钻石鹦鹉螺铠,Z
D,diamond_ore,4,钻石矿石,Z
D,diamond_pickaxe,3,钻石镐,Z
D,diamond_shovel,3,钻石锹,Z
D,diamond_spear,3,钻石矛,Z
D,diamond_sword,3,钻石剑,Z
D,diorite,3,闪长岩,S
D,diorite_slab,5,闪长岩台阶,S
D,diorite_stairs,5,闪长岩楼梯,S
D,diorite_wall,4,闪长岩墙,S
D,dirt,2,泥土,N
D,disc_fragment_5,4,唱片残片,C
D,dispenser,3,发射器,F
D,dragon_breath,2,龙息,L
D,dragon_egg,2,龙蛋,L
D,dragon_head,2,龙首,L
D,dried_ghast,4,失水恶魂,S
D,dried_kelp,3,干海带,G
D,dried_kelp_block,4,干海带块,G
D,dripstone_block,4,滴水石块,D
D,dropper,3,投掷器,T
D,dune_armor_trim_smithing_template,4,锻造模板,D
E,echo_shard,4,回响碎片,H
E,egg,2,鸡蛋,J
E,elytra,2,鞘翅,Q
E,emerald,3,绿宝石,L
E,emerald_block,4,绿宝石块,L
E,emerald_ore,5,绿宝石矿石,L
E,enchanted_book,3,附魔书,F
E,enchanted_golden_apple,5,附魔金苹果,F
E,enchanting_table,3,附魔台,F
E,end_crystal,4,末地水晶,M
E,end_rod,3,末地烛,M
E,end_stone,3,末地石,M
E,end_stone_brick_slab,6,末地石砖台阶,M
E,end_stone_brick_stairs,6,末地石砖楼梯,M
E,end_stone_brick_wall,5,末地石砖墙,M
E,end_stone_bricks,4,末地石砖,M
E,ender_chest,3,末影箱,M
E,ender_eye,4,末影之眼,M
E,ender_pearl,4,末影珍珠,M
E,experience_bottle,4,附魔之瓶,F
E,explorer_pottery_sherd,6,探险纹样陶片,T
E,exposed_chiseled_copper,7,斑驳的雕纹铜块,B
E,exposed_copper,5,斑驳的铜块,B
E,exposed_copper_bars,6,斑驳的铜栏杆,B
E,exposed_copper_bulb,5,斑驳的铜灯,B
E,exposed_copper_chain,5,斑驳的铜链,B
E,exposed_copper_chest,6,斑驳的铜箱子,B
E,exposed_copper_door,5,斑驳的铜门,B
E,exposed_copper_golem_statue,7,斑驳的铜傀儡像,B
E,exposed_copper_grate,6,斑驳的铜格栅,B
E,exposed_copper_lantern,6,斑驳的铜灯笼,B
E,exposed_copper_trapdoor,7,斑驳的铜活板门,B
E,exposed_cut_copper,7,斑驳的切制铜块,B
E,exposed_cut_copper_slab,8,斑驳的切制铜台阶,B
E,exposed_cut_copper_stairs,8,斑驳的切制铜楼梯,B
E,exposed_lightning_rod,6,斑驳的避雷针,B
E,eye_armor_trim_smithing_template,4,锻造模板,D
F,feather,2,羽毛,Y
F,fermented_spider_eye,4,发酵蛛眼,F
F,fern,1,蕨,J
F,field_masoned_banner_pattern,6,砖纹旗帜图案,Z
F,filled_map,2,地图,D
F,fire_charge,3,火焰弹,H
F,fire_coral,3,火珊瑚,H
F,fire_coral_block,4,火珊瑚块,H
F,fire_coral_fan,4,火珊瑚扇,H
F,firefly_bush,6,萤火虫灌木丛,Y
F,firework_rocket,4,烟花火箭,Y
F,firework_star,4,烟火之星,Y
F,fishing_rod,3,钓鱼竿,D
F,fletching_table,3,制箭台,Z
F,flint,2,燧石,S
F,flint_and_steel,3,打火石,D
F,flow_armor_trim_smithing_template,4,锻造模板,D
F,flow_banner_pattern,4,旗帜图案,Q
F,flow_pottery_sherd,6,涡流纹样陶片,W
F,flower_banner_pattern,4,旗帜图案,Q
F,flower_pot,2,花盆,H
F,flowering_azalea,7,盛开的杜鹃花丛,S
F,flowering_azalea_leaves,7,盛开的杜鹃树叶,S
F,friend_pottery_sherd,6,挚友纹样陶片,Z
F,furnace,2,熔炉,R
F,furnace_minecart,4,动力矿车,D
G,ghast_tear,4,恶魂之泪,E
G,gilded_blackstone,4,镶金黑石,X
G,glass,2,玻璃,B
G,glass_bottle,3,玻璃瓶,B
G,glass_pane,3,玻璃板,B
G,glistering_melon_slice,6,闪烁的西瓜片,S
G,globe_banner_pattern,4,旗帜图案,Q
G,glow_berries,4,发光浆果,F
G,glow_ink_sac,4,荧光墨囊,Y
G,glow_item_frame,7,荧光物品展示框,Y
G,glow_lichen,4,发光地衣,F
G,glowstone,2,荧石,Y
G,glowstone_dust,3,荧石粉,Y
G,goat_horn,3,山羊角,S
G,gold_block,2,金块,J
G,gold_ingot,2,金锭,J
G,gold_nugget,2,金粒,J
G,gold_ore,3,金矿石,J
G,golden_apple,3,金苹果,J
G,golden_axe,2,金斧,J
G,golden_boots,3,金靴子,J
G,golden_carrot,4,金胡萝卜,J
G,golden_chestplate,3,金胸甲,J
G,golden_dandelion,4,金蒲公英,J
G,golden_helmet,3,金头盔,J
G,golden_hoe,2,金锄,J
G,golden_horse_armor,3,金马铠,J
G,golden_leggings,3,金护腿,J
G,golden_nautilus_armor,5,金鹦鹉螺铠,J
G,golden_pickaxe,2,金镐,J
G,golden_shovel,2,金锹,J
G,golden_spear,2,金矛,J
G,golden_sword,2,金剑,J
G,granite,3,花岗岩,H
G,granite_slab,5,花岗岩台阶,H
G,granite_stairs,5,花岗岩楼梯,H
G,granite_wall,4,花岗岩墙,H
G,grass_block,3,草方块,C
G,gravel,2,沙砾,S
G,gray_banner,4,灰色旗帜,H
G,gray_bed,3,灰色床,H
G,gray_bundle,5,灰色收纳袋,H
G,gray_candle,4,灰色蜡烛,H
G,gray_carpet,4,灰色地毯,H
G,gray_concrete,5,灰色混凝土,H
G,gray_concrete_powder,7,灰色混凝土粉末,H
G,gray_concrete_slab,7,灰色混凝土台阶,H
G,gray_concrete_stairs,7,灰色混凝土楼梯,H
G,gray_cushion,4,灰色坐垫,H
G,gray_dye,4,灰色染料,H
G,gray_glazed_terracotta,6,灰色带釉陶瓦,H
G,gray_harness,4,灰色挽具,H
G,gray_shulker_box,5,灰色潜影盒,H
G,gray_stained_glass,6,灰色染色玻璃,H
G,gray_stained_glass_pane,7,灰色染色玻璃板,H
G,gray_terracotta,4,灰色陶瓦,H
G,gray_wool,4,灰色羊毛,H
G,gray_wool_slab,6,灰色羊毛台阶,H
G,gray_wool_stairs,6,灰色羊毛楼梯,H
G,green_banner,4,绿色旗帜,L
G,green_bed,3,绿色床,L
G,green_bundle,5,绿色收纳袋,L
G,green_candle,4,绿色蜡烛,L
G,green_carpet,4,绿色地毯,L
G,green_concrete,5,绿色混凝土,L
G,green_concrete_powder,7,绿色混凝土粉末,L
G,green_concrete_slab,7,绿色混凝土台阶,L
G,green_concrete_stairs,7,绿色混凝土楼梯,L
G,green_cushion,4,绿色坐垫,L
G,green_dye,4,绿色染料,L
G,green_glazed_terracotta,6,绿色带釉陶瓦,L
G,green_harness,4,绿色挽具,L
G,green_shulker_box,5,绿色潜影盒,L
G,green_stained_glass,6,绿色染色玻璃,L
G,green_stained_glass_pane,7,绿色染色玻璃板,L
G,green_terracotta,4,绿色陶瓦,L
G,green_wool,4,绿色羊毛,L
G,green_wool_slab,6,绿色羊毛台阶,L
G,green_wool_stairs,6,绿色羊毛楼梯,L
G,grindstone,2,砂轮,S
G,gunpowder,2,火药,H
G,guster_banner_pattern,4,旗帜图案,Q
G,guster_pottery_sherd,6,旋风纹样陶片,X
H,hanging_roots,2,垂根,C
H,hay_block,3,干草捆,G
H,heart_of_the_sea,4,海洋之心,H
H,heart_pottery_sherd,6,爱心纹样陶片,A
H,heartbreak_pottery_sherd,6,心碎纹样陶片,X
H,heavy_core,4,沉重核心,C
H,heavy_weighted_pressure_plate,7,重质测重压力板,C
H,honey_block,3,蜂蜜块,F
H,honey_bottle,3,蜂蜜瓶,F
H,honeycomb,2,蜜脾,M
H,honeycomb_block,3,蜜脾块,M
H,hopper,2,漏斗,L
H,hopper_minecart,4,漏斗矿车,L
H,horn_coral,4,鹿角珊瑚,L
H,horn_coral_block,5,鹿角珊瑚块,L
H,horn_coral_fan,5,鹿角珊瑚扇,L
H,host_armor_trim_smithing_template,4,锻造模板,D
H,howl_pottery_sherd,6,狼嚎纹样陶片,L
I,ice,1,冰,B
I,ink_sac,2,墨囊,M
I,iron_axe,2,铁斧,T
I,iron_bars,3,铁栏杆,T
I,iron_block,2,铁块,T
I,iron_boots,3,铁靴子,T
I,iron_chain,2,铁链,T
I,iron_chestplate,3,铁胸甲,T
I,iron_door,2,铁门,T
I,iron_helmet,3,铁头盔,T
I,iron_hoe,2,铁锄,T
I,iron_horse_armor,3,铁马铠,T
I,iron_ingot,2,铁锭,T
I,iron_leggings,3,铁护腿,T
I,iron_nautilus_armor,5,铁鹦鹉螺铠,T
I,iron_nugget,2,铁粒,T
I,iron_ore,3,铁矿石,T
I,iron_pickaxe,2,铁镐,T
I,iron_shovel,2,铁锹,T
I,iron_spear,2,铁矛,T
I,iron_sword,2,铁剑,T
I,iron_trapdoor,4,铁活板门,T
I,item_frame,5,物品展示框,W
J,jack_o_lantern,3,南瓜灯,N
J,jukebox,3,唱片机,C
J,jungle_boat,4,丛林木船,C
J,jungle_button,5,丛林木按钮,C
J,jungle_chest_boat,6,丛林木运输船,C
J,jungle_door,4,丛林木门,C
J,jungle_explorer_map,7,丛林探险家地图,C
J,jungle_fence,5,丛林木栅栏,C
J,jungle_fence_gate,6,丛林木栅栏门,C
J,jungle_hanging_sign,9,悬挂式丛林木告示牌,X
J,jungle_leaves,4,丛林树叶,C
J,jungle_log,4,丛林原木,C
J,jungle_planks,4,丛林木板,C
J,jungle_pressure_plate,6,丛林木压力板,C
J,jungle_sapling,4,丛林树苗,C
J,jungle_shelf,6,丛林木展示架,C
J,jungle_sign,6,丛林木告示牌,C
J,jungle_slab,5,丛林木台阶,C
J,jungle_stairs,5,丛林木楼梯,C
J,jungle_trapdoor,6,丛林木活板门,C
J,jungle_wood,3,丛林木,C
K,kelp,2,海带,H
L,ladder,2,梯子,T
L,lantern,2,灯笼,D
L,lapis_block,4,青金石块,Q
L,lapis_lazuli,3,青金石,Q
L,lapis_ore,5,青金石矿石,Q
L,large_amethyst_bud,5,大型紫晶芽,D
L,large_fern,3,大型蕨,D
L,lava_bucket,3,熔岩桶,R
L,lead,2,拴绳,S
L,leaf_litter,3,枯叶堆,K
L,leather,2,皮革,P
L,leather_boots,4,皮革靴子,P
L,leather_chestplate,4,皮革外套,P
L,leather_helmet,4,皮革帽子,P
L,leather_horse_armor,4,皮革马铠,P
L,leather_leggings,4,皮革裤子,P
L,lectern,2,讲台,J
L,lever,2,拉杆,L
L,light_blue_banner,5,淡蓝色旗帜,D
L,light_blue_bed,4,淡蓝色床,D
L,light_blue_bundle,6,淡蓝色收纳袋,D
L,light_blue_candle,5,淡蓝色蜡烛,D
L,light_blue_carpet,5,淡蓝色地毯,D
L,light_blue_concrete,6,淡蓝色混凝土,D
L,light_blue_concrete_powder,8,淡蓝色混凝土粉末,D
L,light_blue_concrete_slab,8,淡蓝色混凝土台阶,D
L,light_blue_concrete_stairs,8,淡蓝色混凝土楼梯,D
L,light_blue_cushion,5,淡蓝色坐垫,D
L,light_blue_dye,5,淡蓝色染料,D
L,light_blue_glazed_terracotta,7,淡蓝色带釉陶瓦,D
L,light_blue_harness,5,淡蓝色挽具,D
L,light_blue_shulker_box,6,淡蓝色潜影盒,D
L,light_blue_stained_glass,7,淡蓝色染色玻璃,D
L,light_blue_stained_glass_pane,8,淡蓝色染色玻璃板,D
L,light_blue_terracotta,5,淡蓝色陶瓦,D
L,light_blue_wool,5,淡蓝色羊毛,D
L,light_blue_wool_slab,7,淡蓝色羊毛台阶,D
L,light_blue_wool_stairs,7,淡蓝色羊毛楼梯,D
L,light_gray_banner,5,淡灰色旗帜,D
L,light_gray_bed,4,淡灰色床,D
L,light_gray_bundle,6,淡灰色收纳袋,D
L,light_gray_candle,5,淡灰色蜡烛,D
L,light_gray_carpet,5,淡灰色地毯,D
L,light_gray_concrete,6,淡灰色混凝土,D
L,light_gray_concrete_powder,8,淡灰色混凝土粉末,D
L,light_gray_concrete_slab,8,淡灰色混凝土台阶,D
L,light_gray_concrete_stairs,8,淡灰色混凝土楼梯,D
L,light_gray_cushion,5,淡灰色坐垫,D
L,light_gray_dye,5,淡灰色染料,D
L,light_gray_glazed_terracotta,7,淡灰色带釉陶瓦,D
L,light_gray_harness,5,淡灰色挽具,D
L,light_gray_shulker_box,6,淡灰色潜影盒,D
L,light_gray_stained_glass,7,淡灰色染色玻璃,D
L,light_gray_stained_glass_pane,8,淡灰色染色玻璃板,D
L,light_gray_terracotta,5,淡灰色陶瓦,D
L,light_gray_wool,5,淡灰色羊毛,D
L,light_gray_wool_slab,7,淡灰色羊毛台阶,D
L,light_gray_wool_stairs,7,淡灰色羊毛楼梯,D
L,light_weighted_pressure_plate,7,轻质测重压力板,Q
L,lightning_rod,3,避雷针,B
L,lilac,2,丁香,D
L,lily_of_the_valley,2,铃兰,L
L,lily_pad,2,睡莲,S
L,lime_banner,5,黄绿色旗帜,H
L,lime_bed,4,黄绿色床,H
L,lime_bundle,6,黄绿色收纳袋,H
L,lime_candle,5,黄绿色蜡烛,H
L,lime_carpet,5,黄绿色地毯,H
L,lime_concrete,6,黄绿色混凝土,H
L,lime_concrete_powder,8,黄绿色混凝土粉末,H
L,lime_concrete_slab,8,黄绿色混凝土台阶,H
L,lime_concrete_stairs,8,黄绿色混凝土楼梯,H
L,lime_cushion,5,黄绿色坐垫,H
L,lime_dye,5,黄绿色染料,H
L,lime_glazed_terracotta,7,黄绿色带釉陶瓦,H
L,lime_harness,5,黄绿色挽具,H
L,lime_shulker_box,6,黄绿色潜影盒,H
L,lime_stained_glass,7,黄绿色染色玻璃,H
L,lime_stained_glass_pane,8,黄绿色染色玻璃板,H
L,lime_terracotta,5,黄绿色陶瓦,H
L,lime_wool,5,黄绿色羊毛,H
L,lime_wool_slab,7,黄绿色羊毛台阶,H
L,lime_wool_stairs,7,黄绿色羊毛楼梯,H
L,lingering_potion,4,滞留药水,Z
L,lodestone,2,磁石,C
L,loom,3,织布机,Z
M,mace,2,重锤,C
M,magenta_banner,5,品红色旗帜,P
M,magenta_bed,4,品红色床,P
M,magenta_bundle,6,品红色收纳袋,P
M,magenta_candle,5,品红色蜡烛,P
M,magenta_carpet,5,品红色地毯,P
M,magenta_concrete,6,品红色混凝土,P
M,magenta_concrete_powder,8,品红色混凝土粉末,P
M,magenta_concrete_slab,8,品红色混凝土台阶,P
M,magenta_concrete_stairs,8,品红色混凝土楼梯,P
M,magenta_cushion,5,品红色坐垫,P
M,magenta_dye,5,品红色染料,P
M,magenta_glazed_terracotta,7,品红色带釉陶瓦,P
M,magenta_harness,5,品红色挽具,P
M,magenta_shulker_box,6,品红色潜影盒,P
M,magenta_stained_glass,7,品红色染色玻璃,P
M,magenta_stained_glass_pane,8,品红色染色玻璃板,P
M,magenta_terracotta,5,品红色陶瓦,P
M,magenta_wool,5,品红色羊毛,P
M,magenta_wool_slab,7,品红色羊毛台阶,P
M,magenta_wool_stairs,7,品红色羊毛楼梯,P
M,magma_block,3,岩浆块,Y
M,magma_cream,3,岩浆膏,Y
M,mangrove_boat,4,红树木船,H
M,mangrove_button,5,红树木按钮,H
M,mangrove_chest_boat,6,红树木运输船,H
M,mangrove_door,4,红树木门,H
M,mangrove_fence,5,红树木栅栏,H
M,mangrove_fence_gate,6,红树木栅栏门,H
M,mangrove_hanging_sign,9,悬挂式红树木告示牌,X
M,mangrove_leaves,4,红树树叶,H
M,mangrove_log,4,红树原木,H
M,mangrove_planks,4,红树木板,H
M,mangrove_pressure_plate,6,红树木压力板,H
M,mangrove_propagule,5,红树胎生苗,H
M,mangrove_roots,3,红树根,H
M,mangrove_shelf,6,红树木展示架,H
M,mangrove_sign,6,红树木告示牌,H
M,mangrove_slab,5,红树木台阶,H
M,mangrove_stairs,5,红树木楼梯,H
M,mangrove_trapdoor,6,红树木活板门,H
M,mangrove_wood,3,红树木,H
M,map,3,空地图,K
M,medium_amethyst_bud,5,中型紫晶芽,Z
M,melon,2,西瓜,X
M,melon_seeds,4,西瓜种子,X
M,melon_slice,3,西瓜片,X
M,milk_bucket,2,奶桶,N
M,minecart,2,矿车,K
M,miner_pottery_sherd,6,采矿纹样陶片,C
M,mojang_banner_pattern,4,旗帜图案,Q
M,moss_block,3,苔藓块,T
M,moss_carpet,4,覆地苔藓,F
M,mossy_cobblestone,2,苔石,T
M,mossy_cobblestone_slab,4,苔石台阶,T
M,mossy_cobblestone_stairs,4,苔石楼梯,T
M,mossy_cobblestone_wall,3,苔石墙,T
M,mossy_stone_brick_slab,5,苔石砖台阶,T
M,mossy_stone_brick_stairs,5,苔石砖楼梯,T
M,mossy_stone_brick_wall,4,苔石砖墙,T
M,mossy_stone_bricks,3,苔石砖,T
M,mourner_pottery_sherd,6,悲恸纹样陶片,B
M,mud,2,泥巴,N
M,mud_brick_slab,4,泥砖台阶,N
M,mud_brick_stairs,4,泥砖楼梯,N
M,mud_brick_wall,3,泥砖墙,N
M,mud_bricks,2,泥砖,N
M,muddy_mangrove_roots,6,沾泥的红树根,Z
M,mushroom_stem,3,蘑菇柄,M
M,mushroom_stew,3,蘑菇煲,M
M,music_disc_11,4,音乐唱片,Y
M,music_disc_13,4,音乐唱片,Y
M,music_disc_5,4,音乐唱片,Y
M,music_disc_blocks,4,音乐唱片,Y
M,music_disc_bounce,4,音乐唱片,Y
M,music_disc_cat,4,音乐唱片,Y
M,music_disc_chirp,4,音乐唱片,Y
M,music_disc_creator,4,音乐唱片,Y
M,music_disc_creator_music_box,4,音乐唱片,Y
M,music_disc_far,4,音乐唱片,Y
M,music_disc_lava_chicken,4,音乐唱片,Y
M,music_disc_mall,4,音乐唱片,Y
M,music_disc_mellohi,4,音乐唱片,Y
M,music_disc_otherside,4,音乐唱片,Y
M,music_disc_pigstep,4,音乐唱片,Y
M,music_disc_precipice,4,音乐唱片,Y
M,music_disc_relic,4,音乐唱片,Y
M,music_disc_stal,4,音乐唱片,Y
M,music_disc_strad,4,音乐唱片,Y
M,music_disc_tears,4,音乐唱片,Y
M,music_disc_wait,4,音乐唱片,Y
M,music_disc_ward,4,音乐唱片,Y
M,mutton,3,生羊肉,S
M,mycelium,3,菌丝体,J
N,name_tag,3,命名牌,M
N,nautilus_shell,4,鹦鹉螺壳,Y
N,nether_brick,3,下界砖,X
N,nether_brick_fence,5,下界砖栅栏,X
N,nether_brick_slab,5,下界砖台阶,X
N,nether_brick_stairs,5,下界砖楼梯,X
N,nether_brick_wall,4,下界砖墙,X
N,nether_bricks,4,下界砖块,X
N,nether_gold_ore,5,下界金矿石,X
N,nether_quartz_ore,6,下界石英矿石,X
N,nether_sprouts,3,下界苗,X
N,nether_star,4,下界之星,X
N,nether_wart,3,下界疣,X
N,nether_wart_block,4,下界疣块,X
N,netherite_axe,5,下界合金斧,X
N,netherite_block,5,下界合金块,X
N,netherite_boots,6,下界合金靴子,X
N,netherite_chestplate,6,下界合金胸甲,X
N,netherite_helmet,6,下界合金头盔,X
N,netherite_hoe,5,下界合金锄,X
N,netherite_horse_armor,6,下界合金马铠,X
N,netherite_ingot,5,下界合金锭,X
N,netherite_leggings,6,下界合金护腿,X
N,netherite_nautilus_armor,8,下界合金鹦鹉螺铠,X
N,netherite_pickaxe,5,下界合金镐,X
N,netherite_scrap,6,下界合金碎片,X
N,netherite_shovel,5,下界合金锹,X
N,netherite_spear,5,下界合金矛,X
N,netherite_sword,5,下界合金剑,X
N,netherite_upgrade_smithing_template,4,锻造模板,D
N,netherrack,3,下界岩,X
N,note_block,3,音符盒,Y
O,oak_boat,3,橡木船,X
O,oak_button,4,橡木按钮,X
O,oak_chest_boat,5,橡木运输船,X
O,oak_door,3,橡木门,X
O,oak_fence,4,橡木栅栏,X
O,oak_fence_gate,5,橡木栅栏门,X
O,oak_hanging_sign,8,悬挂式橡木告示牌,X
O,oak_leaves,4,橡树树叶,X
O,oak_log,4,橡木原木,X
O,oak_planks,4,橡木木板,X
O,oak_pressure_plate,5,橡木压力板,X
O,oak_sapling,4,橡树树苗,X
O,oak_shelf,5,橡木展示架,X
O,oak_sign,5,橡木告示牌,X
O,oak_slab,4,橡木台阶,X
O,oak_stairs,4,橡木楼梯,X
O,oak_trapdoor,5,橡木活板门,X
O,oak_wood,2,橡木,X
O,observer,3,侦测器,Z
O,obsidian,3,黑曜石,H
O,ocean_explorer_map,7,海洋探险家地图,H
O,ochre_froglight,5,赭黄蛙明灯,Z
O,ominous_bottle,4,不祥之瓶,B
O,ominous_trial_key,6,不祥试炼钥匙,B
O,open_eyeblossom,6,张开的眼眸花,Z
O,orange_banner,4,橙色旗帜,C
O,orange_bed,3,橙色床,C
O,orange_bundle,5,橙色收纳袋,C
O,orange_candle,4,橙色蜡烛,C
O,orange_carpet,4,橙色地毯,C
O,orange_concrete,5,橙色混凝土,C
O,orange_concrete_powder,7,橙色混凝土粉末,C
O,orange_concrete_slab,7,橙色混凝土台阶,C
O,orange_concrete_stairs,7,橙色混凝土楼梯,C
O,orange_cushion,4,橙色坐垫,C
O,orange_dye,4,橙色染料,C
O,orange_glazed_terracotta,6,橙色带釉陶瓦,C
O,orange_harness,4,橙色挽具,C
O,orange_poplar_leaves,6,橙色杨树树叶,C
O,orange_shulker_box,5,橙色潜影盒,C
O,orange_stained_glass,6,橙色染色玻璃,C
O,orange_stained_glass_pane,7,橙色染色玻璃板,C
O,orange_terracotta,4,橙色陶瓦,C
O,orange_tulip,5,橙色郁金香,C
O,orange_wool,4,橙色羊毛,C
O,orange_wool_slab,6,橙色羊毛台阶,C
O,orange_wool_stairs,6,橙色羊毛楼梯,C
O,oxeye_daisy,2,滨菊,B
O,oxidized_chiseled_copper,7,氧化的雕纹铜块,Y
O,oxidized_copper,5,氧化的铜块,Y
O,oxidized_copper_bars,6,氧化的铜栏杆,Y
O,oxidized_copper_bulb,5,氧化的铜灯,Y
O,oxidized_copper_chain,5,氧化的铜链,Y
O,oxidized_copper_chest,6,氧化的铜箱子,Y
O,oxidized_copper_door,5,氧化的铜门,Y
O,oxidized_copper_golem_statue,7,氧化的铜傀儡像,Y
O,oxidized_copper_grate,6,氧化的铜格栅,Y
O,oxidized_copper_lantern,6,氧化的铜灯笼,Y
O,oxidized_copper_trapdoor,7,氧化的铜活板门,Y
O,oxidized_cut_copper,7,氧化的切制铜块,Y
O,oxidized_cut_copper_slab,8,氧化的切制铜台阶,Y
O,oxidized_cut_copper_stairs,8,氧化的切制铜楼梯,Y
O,oxidized_lightning_rod,6,氧化的避雷针,Y
P,packed_ice,2,浮冰,F
P,packed_mud,2,泥坯,N
P,painting,1,画,H
P,pale_hanging_moss,4,苍白垂须,C
P,pale_moss_block,5,苍白苔藓块,C
P,pale_moss_carpet,6,苍白覆地苔藓,C
P,pale_oak_boat,5,苍白橡木船,C
P,pale_oak_button,6,苍白橡木按钮,C
P,pale_oak_chest_boat,7,苍白橡木运输船,C
P,pale_oak_door,5,苍白橡木门,C
P,pale_oak_fence,6,苍白橡木栅栏,C
P,pale_oak_fence_gate,7,苍白橡木栅栏门,C
P,pale_oak_hanging_sign,10,悬挂式苍白橡木告示牌,X
P,pale_oak_leaves,6,苍白橡树树叶,C
P,pale_oak_log,6,苍白橡木原木,C
P,pale_oak_planks,6,苍白橡木木板,C
P,pale_oak_pressure_plate,7,苍白橡木压力板,C
P,pale_oak_sapling,6,苍白橡树树苗,C
P,pale_oak_shelf,7,苍白橡木展示架,C
P,pale_oak_sign,7,苍白橡木告示牌,C
P,pale_oak_slab,6,苍白橡木台阶,C
P,pale_oak_stairs,6,苍白橡木楼梯,C
P,pale_oak_trapdoor,7,苍白橡木活板门,C
P,pale_oak_wood,4,苍白橡木,C
P,paper,1,纸,Z
P,pearlescent_froglight,5,珠光蛙明灯,Z
P,peony,2,牡丹,M
P,phantom_membrane,3,幻翼膜,H
P,piglin_banner_pattern,4,旗帜图案,Q
P,piglin_head,4,猪灵的头,Z
P,pink_banner,5,粉红色旗帜,F
P,pink_bed,4,粉红色床,F
P,pink_bundle,6,粉红色收纳袋,F
P,pink_candle,5,粉红色蜡烛,F
P,pink_carpet,5,粉红色地毯,F
P,pink_concrete,6,粉红色混凝土,F
P,pink_concrete_powder,8,粉红色混凝土粉末,F
P,pink_concrete_slab,8,粉红色混凝土台阶,F
P,pink_concrete_stairs,8,粉红色混凝土楼梯,F
P,pink_cushion,5,粉红色坐垫,F
P,pink_dye,5,粉红色染料,F
P,pink_glazed_terracotta,7,粉红色带釉陶瓦,F
P,pink_harness,5,粉红色挽具,F
P,pink_petals,5,粉红色花簇,F
P,pink_shulker_box,6,粉红色潜影盒,F
P,pink_stained_glass,7,粉红色染色玻璃,F
P,pink_stained_glass_pane,8,粉红色染色玻璃板,F
P,pink_terracotta,5,粉红色陶瓦,F
P,pink_tulip,6,粉红色郁金香,F
P,pink_wool,5,粉红色羊毛,F
P,pink_wool_slab,7,粉红色羊毛台阶,F
P,pink_wool_stairs,7,粉红色羊毛楼梯,F
P,piston,2,活塞,H
P,pitcher_plant,3,瓶子草,P
P,pitcher_pod,5,瓶子草荚果,P
P,plains_village_map,6,平原村庄地图,P
P,plenty_pottery_sherd,6,富饶纹样陶片,F
P,podzol,3,灰化土,H
P,pointed_dripstone,4,滴水石锥,D
P,poisonous_potato,4,毒马铃薯,D
P,polished_andesite,5,磨制安山岩,M
P,polished_andesite_slab,7,磨制安山岩台阶,M
P,polished_andesite_stairs,7,磨制安山岩楼梯,M
P,polished_basalt,5,磨制玄武岩,M
P,polished_blackstone,4,磨制黑石,M
P,polished_blackstone_brick_slab,7,磨制黑石砖台阶,M
P,polished_blackstone_brick_stairs,7,磨制黑石砖楼梯,M
P,polished_blackstone_brick_wall,6,磨制黑石砖墙,M
P,polished_blackstone_bricks,5,磨制黑石砖,M
P,polished_blackstone_button,6,磨制黑石按钮,M
P,polished_blackstone_pressure_plate,7,磨制黑石压力板,M
P,polished_blackstone_slab,6,磨制黑石台阶,M
P,polished_blackstone_stairs,6,磨制黑石楼梯,M
P,polished_blackstone_wall,5,磨制黑石墙,M
P,polished_cinnabar,4,磨制朱砂,M
P,polished_cinnabar_slab,6,磨制朱砂台阶,M
P,polished_cinnabar_stairs,6,磨制朱砂楼梯,M
P,polished_cinnabar_wall,5,磨制朱砂墙,M
P,polished_deepslate,5,磨制深板岩,M
P,polished_deepslate_slab,7,磨制深板岩台阶,M
P,polished_deepslate_stairs,7,磨制深板岩楼梯,M
P,polished_deepslate_wall,6,磨制深板岩墙,M
P,polished_diorite,5,磨制闪长岩,M
P,polished_diorite_slab,7,磨制闪长岩台阶,M
P,polished_diorite_stairs,7,磨制闪长岩楼梯,M
P,polished_granite,5,磨制花岗岩,M
P,polished_granite_slab,7,磨制花岗岩台阶,M
P,polished_granite_stairs,7,磨制花岗岩楼梯,M
P,polished_sulfur,4,磨制硫黄,M
P,polished_sulfur_slab,6,磨制硫黄台阶,M
P,polished_sulfur_stairs,6,磨制硫黄楼梯,M
P,polished_sulfur_wall,5,磨制硫黄墙,M
P,polished_tuff,5,磨制凝灰岩,M
P,polished_tuff_slab,7,磨制凝灰岩台阶,M
P,polished_tuff_stairs,7,磨制凝灰岩楼梯,M
P,polished_tuff_wall,6,磨制凝灰岩墙,M
P,poplar_boat,3,杨木船,Y
P,poplar_button,4,杨木按钮,Y
P,poplar_chest_boat,5,杨木运输船,Y
P,poplar_door,3,杨木门,Y
P,poplar_fence,4,杨木栅栏,Y
P,poplar_fence_gate,5,杨木栅栏门,Y
P,poplar_hanging_sign,8,悬挂式杨木告示牌,X
P,poplar_log,4,杨木原木,Y
P,poplar_planks,4,杨木木板,Y
P,poplar_pressure_plate,5,杨木压力板,Y
P,poplar_sapling,4,杨树树苗,Y
P,poplar_shelf,5,杨木展示架,Y
P,poplar_sign,5,杨木告示牌,Y
P,poplar_slab,4,杨木台阶,Y
P,poplar_stairs,4,杨木楼梯,Y
P,poplar_trapdoor,5,杨木活板门,Y
P,poplar_wood,2,杨木,Y
P,popped_chorus_fruit,5,爆裂紫颂果,B
P,poppy,3,虞美人,Y
P,porkchop,3,生猪排,S
P,potato,3,马铃薯,M
P,potent_sulfur,4,烈性硫黄,L
P,potion,2,药水,Y
P,powder_snow_bucket,3,细雪桶,X
P,powered_rail,4,动力铁轨,D
P,prismarine,3,海晶石,H
P,prismarine_brick_slab,6,海晶石砖台阶,H
P,prismarine_brick_stairs,6,海晶石砖楼梯,H
P,prismarine_bricks,4,海晶石砖,H
P,prismarine_crystals,4,海晶砂粒,H
P,prismarine_shard,4,海晶碎片,H
P,prismarine_slab,5,海晶石台阶,H
P,prismarine_stairs,5,海晶石楼梯,H
P,prismarine_wall,4,海晶石墙,H
P,prize_pottery_sherd,6,珍宝纹样陶片,Z
P,pufferfish,2,河豚,H
P,pufferfish_bucket,3,河豚桶,H
P,pumpkin,2,南瓜,N
P,pumpkin_pie,3,南瓜派,N
P,pumpkin_seeds,4,南瓜种子,N
P,purple_banner,4,紫色旗帜,Z
P,purple_bed,3,紫色床,Z
P,purple_bundle,5,紫色收纳袋,Z
P,purple_candle,4,紫色蜡烛,Z
P,purple_carpet,4,紫色地毯,Z
P,purple_concrete,5,紫色混凝土,Z
P,purple_concrete_powder,7,紫色混凝土粉末,Z
P,purple_concrete_slab,7,紫色混凝土台阶,Z
P,purple_concrete_stairs,7,紫色混凝土楼梯,Z
P,purple_cushion,4,紫色坐垫,Z
P,purple_dye,4,紫色染料,Z
P,purple_glazed_terracotta,6,紫色带釉陶瓦,Z
P,purple_harness,4,紫色挽具,Z
P,purple_shulker_box,5,紫色潜影盒,Z
P,purple_stained_glass,6,紫色染色玻璃,Z
P,purple_stained_glass_pane,7,紫色染色玻璃板,Z
P,purple_terracotta,4,紫色陶瓦,Z
P,purple_wool,4,紫色羊毛,Z
P,purple_wool_slab,6,紫色羊毛台阶,Z
P,purple_wool_stairs,6,紫色羊毛楼梯,Z
P,purpur_block,3,紫珀块,Z
P,purpur_pillar,3,紫珀柱,Z
P,purpur_slab,4,紫珀台阶,Z
P,purpur_stairs,4,紫珀楼梯,Z
Q,quartz,4,下界石英,X
Q,quartz_block,3,石英块,S
Q,quartz_bricks,3,石英砖,S
Q,quartz_pillar,3,石英柱,S
Q,quartz_slab,4,石英台阶,S
Q,quartz_stairs,4,石英楼梯,S
R,rabbit,3,生兔肉,S
R,rabbit_foot,3,兔子脚,T
R,rabbit_hide,3,兔子皮,T
R,rabbit_stew,3,兔肉煲,T
R,rail,2,铁轨,T
R,raiser_armor_trim_smithing_template,4,锻造模板,D
R,raw_copper,2,粗铜,C
R,raw_copper_block,3,粗铜块,C
R,raw_gold,2,粗金,C
R,raw_gold_block,3,粗金块,C
R,raw_iron,2,粗铁,C
R,raw_iron_block,3,粗铁块,C
R,recovery_compass,4,追溯指针,Z
R,red_banner,4,红色旗帜,H
R,red_bed,3,红色床,H
R,red_bundle,5,红色收纳袋,H
R,red_candle,4,红色蜡烛,H
R,red_carpet,4,红色地毯,H
R,red_concrete,5,红色混凝土,H
R,red_concrete_powder,7,红色混凝土粉末,H
R,red_concrete_slab,7,红色混凝土台阶,H
R,red_concrete_stairs,7,红色混凝土楼梯,H
R,red_cushion,4,红色坐垫,H
R,red_dye,4,红色染料,H
R,red_glazed_terracotta,6,红色带釉陶瓦,H
R,red_harness,4,红色挽具,H
R,red_mushroom,4,红色蘑菇,H
R,red_mushroom_block,6,红色蘑菇方块,H
R,red_nether_brick_slab,7,红色下界砖台阶,H
R,red_nether_brick_stairs,7,红色下界砖楼梯,H
R,red_nether_brick_wall,6,红色下界砖墙,H
R,red_nether_bricks,6,红色下界砖块,H
R,red_poplar_leaves,6,红色杨树树叶,H
R,red_sand,2,红沙,H
R,red_sandstone,3,红砂岩,H
R,red_sandstone_slab,5,红砂岩台阶,H
R,red_sandstone_stairs,5,红砂岩楼梯,H
R,red_sandstone_wall,4,红砂岩墙,H
R,red_shrub,3,红灌木,H
R,red_shulker_box,5,红色潜影盒,H
R,red_stained_glass,6,红色染色玻璃,H
R,red_stained_glass_pane,7,红色染色玻璃板,H
R,red_terracotta,4,红色陶瓦,H
R,red_tulip,5,红色郁金香,H
R,red_wool,4,红色羊毛,H
R,red_wool_slab,6,红色羊毛台阶,H
R,red_wool_stairs,6,红色羊毛楼梯,H
R,redstone,3,红石粉,H
R,redstone_block,3,红石块,H
R,redstone_lamp,3,红石灯,H
R,redstone_ore,4,红石矿石,H
R,redstone_torch,4,红石火把,H
R,repeater,5,红石中继器,H
R,resin_block,3,树脂块,S
R,resin_brick,3,树脂砖,S
R,resin_brick_slab,5,树脂砖台阶,S
R,resin_brick_stairs,5,树脂砖楼梯,S
R,resin_brick_wall,4,树脂砖墙,S
R,resin_bricks,4,树脂砖块,S
R,resin_clump,3,树脂团,S
R,respawn_anchor,3,重生锚,C
R,rib_armor_trim_smithing_template,4,锻造模板,D
R,rooted_dirt,4,缠根泥土,C
R,rose_bush,3,玫瑰丛,M
R,rotten_flesh,2,腐肉,F
S,saddle,1,鞍,A
S,salmon,3,生鲑鱼,S
S,salmon_bucket,3,鲑鱼桶,G
S,sand,2,沙子,S
S,sandstone,2,砂岩,S
S,sandstone_slab,4,砂岩台阶,S
S,sandstone_stairs,4,砂岩楼梯,S
S,sandstone_wall,3,砂岩墙,S
S,savanna_village_map,8,热带草原村庄地图,R
S,scaffolding,3,脚手架,J
S,scrape_pottery_sherd,6,刮削纹样陶片,G
S,sculk,3,幽匿块,Y
S,sculk_catalyst,5,幽匿催发体,Y
S,sculk_sensor,5,幽匿感测体,Y
S,sculk_shrieker,5,幽匿尖啸体,Y
S,sculk_vein,4,幽匿脉络,Y
S,sea_lantern,3,海晶灯,H
S,sea_pickle,3,海泡菜,H
S,seagrass,2,海草,H
S,sentry_armor_trim_smithing_template,4,锻造模板,D
S,shaper_armor_trim_smithing_template,4,锻造模板,D
S,sheaf_pottery_sherd,6,麦捆纹样陶片,M
S,shears,2,剪刀,J
S,shelf_mushroom,3,层孔菇,C
S,shelter_pottery_sherd,6,树荫纹样陶片,S
S,shield,2,盾牌,D
S,short_dry_grass,4,矮枯草丛,A
S,short_grass,3,矮草丛,A
S,shroomlight,3,菌光体,J
S,shulker_box,3,潜影盒,Q
S,shulker_shell,3,潜影壳,Q
S,silence_armor_trim_smithing_template,4,锻造模板,D
S,skeleton_skull,4,骷髅头颅,K
S,skull_banner_pattern,4,旗帜图案,Q
S,skull_pottery_sherd,6,头颅纹样陶片,T
S,slime_ball,3,黏液球,N
S,slime_block,3,黏液块,N
S,small_amethyst_bud,5,小型紫晶芽,X
S,small_dripleaf,5,小型垂滴叶,X
S,smithing_table,3,锻造台,D
S,smoker,3,烟熏炉,Y
S,smooth_basalt,5,平滑玄武岩,P
S,smooth_quartz,5,平滑石英块,P
S,smooth_quartz_slab,6,平滑石英台阶,P
S,smooth_quartz_stairs,6,平滑石英楼梯,P
S,smooth_red_sandstone,5,平滑红砂岩,P
S,smooth_red_sandstone_slab,7,平滑红砂岩台阶,P
S,smooth_red_sandstone_stairs,7,平滑红砂岩楼梯,P
S,smooth_sandstone,4,平滑砂岩,P
S,smooth_sandstone_slab,6,平滑砂岩台阶,P
S,smooth_sandstone_stairs,6,平滑砂岩楼梯,P
S,smooth_stone,4,平滑石头,P
S,smooth_stone_slab,6,平滑石头台阶,P
S,sniffer_egg,4,嗅探兽蛋,X
S,snort_pottery_sherd,6,嗅探纹样陶片,X
S,snout_armor_trim_smithing_template,4,锻造模板,D
S,snow,1,雪,X
S,snow_block,2,雪块,X
S,snowball,2,雪球,X
S,snowy_village_map,6,雪原村庄地图,X
S,soul_campfire,4,灵魂营火,L
S,soul_lantern,4,灵魂灯笼,L
S,soul_sand,3,灵魂沙,L
S,soul_soil,3,灵魂土,L
S,soul_torch,4,灵魂火把,L
S,spectral_arrow,3,光灵箭,G
S,spider_eye,3,蜘蛛眼,Z
S,spire_armor_trim_smithing_template,4,锻造模板,D
S,splash_potion,4,喷溅药水,P
S,sponge,2,海绵,H
S,spore_blossom,3,孢子花,B
S,spruce_boat,4,云杉木船,Y
S,spruce_button,5,云杉木按钮,Y
S,spruce_chest_boat,6,云杉木运输船,Y
S,spruce_door,4,云杉木门,Y
S,spruce_fence,5,云杉木栅栏,Y
S,spruce_fence_gate,6,云杉木栅栏门,Y
S,spruce_hanging_sign,9,悬挂式云杉木告示牌,X
S,spruce_leaves,4,云杉树叶,Y
S,spruce_log,4,云杉原木,Y
S,spruce_planks,4,云杉木板,Y
S,spruce_pressure_plate,6,云杉木压力板,Y
S,spruce_sapling,4,云杉树苗,Y
S,spruce_shelf,6,云杉木展示架,Y
S,spruce_sign,6,云杉木告示牌,Y
S,spruce_slab,5,云杉木台阶,Y
S,spruce_stairs,5,云杉木楼梯,Y
S,spruce_trapdoor,6,云杉木活板门,Y
S,spruce_wood,3,云杉木,Y
S,spyglass,3,望远镜,W
S,stick,2,木棍,M
S,sticky_piston,4,黏性活塞,N
S,stone,2,石头,S
S,stone_axe,2,石斧,S
S,stone_brick_slab,4,石砖台阶,S
S,stone_brick_stairs,4,石砖楼梯,S
S,stone_brick_wall,3,石砖墙,S
S,stone_bricks,2,石砖,S
S,stone_button,4,石头按钮,S
S,stone_hoe,2,石锄,S
S,stone_pickaxe,2,石镐,S
S,stone_pressure_plate,5,石头压力板,S
S,stone_shovel,2,石锹,S
S,stone_slab,4,石头台阶,S
S,stone_spear,2,石矛,S
S,stone_stairs,4,石头楼梯,S
S,stone_sword,2,石剑,S
S,stonecutter,3,切石机,Q
S,straw_bed,3,麦秆床,M
S,string,1,线,X
S,stripped_acacia_log,7,去皮金合欢原木,Q
S,stripped_acacia_wood,6,去皮金合欢木,Q
S,stripped_bamboo_block,4,去皮竹块,Q
S,stripped_birch_log,6,去皮白桦原木,Q
S,stripped_birch_wood,5,去皮白桦木,Q
S,stripped_cherry_log,6,去皮樱花原木,Q
S,stripped_cherry_wood,5,去皮樱花木,Q
S,stripped_crimson_hyphae,6,去皮绯红菌核,Q
S,stripped_crimson_stem,6,去皮绯红菌柄,Q
S,stripped_dark_oak_log,8,去皮深色橡木原木,Q
S,stripped_dark_oak_wood,6,去皮深色橡木,Q
S,stripped_jungle_log,6,去皮丛林原木,Q
S,stripped_jungle_wood,5,去皮丛林木,Q
S,stripped_mangrove_log,6,去皮红树原木,Q
S,stripped_mangrove_wood,5,去皮红树木,Q
S,stripped_oak_log,6,去皮橡木原木,Q
S,stripped_oak_wood,4,去皮橡木,Q
S,stripped_pale_oak_log,8,去皮苍白橡木原木,Q
S,stripped_pale_oak_wood,6,去皮苍白橡木,Q
S,stripped_poplar_log,6,去皮杨木原木,Q
S,stripped_poplar_wood,4,去皮杨木,Q
S,stripped_spruce_log,6,去皮云杉原木,Q
S,stripped_spruce_wood,5,去皮云杉木,Q
S,stripped_warped_hyphae,6,去皮诡异菌核,Q
S,stripped_warped_stem,6,去皮诡异菌柄,Q
S,sugar,1,糖,T
S,sugar_cane,2,甘蔗,G
S,sulfur,2,硫黄,L
S,sulfur_brick_slab,5,硫黄砖台阶,L
S,sulfur_brick_stairs,5,硫黄砖楼梯,L
S,sulfur_brick_wall,4,硫黄砖墙,L
S,sulfur_bricks,3,硫黄砖,L
S,sulfur_cube_spawn_egg,6,硫方怪刷怪蛋,L
S,sulfur_slab,4,硫黄台阶,L
S,sulfur_spike,4,硫黄尖锥,L
S,sulfur_stairs,4,硫黄楼梯,L
S,sulfur_wall,3,硫黄墙,L
S,sunflower,3,向日葵,X
S,suspicious_gravel,5,可疑的沙砾,K
S,suspicious_sand,5,可疑的沙子,K
S,suspicious_stew,4,谜之炖菜,M
S,swamp_explorer_map,7,沼泽探险家地图,Z
S,sweet_berries,3,甜浆果,T
T,tadpole_bucket,3,蝌蚪桶,K
T,taiga_village_map,7,针叶林村庄地图,Z
T,tall_dry_grass,4,高枯草丛,G
T,tall_grass,3,高草丛,G
T,target,2,标靶,B
T,terracotta,2,陶瓦,T
T,tide_armor_trim_smithing_template,4,锻造模板,D
T,tinted_glass,4,遮光玻璃,Z
T,tipped_arrow,2,药箭,Y
T,tnt,3,TNT,T
T,tnt_minecart,5,TNT矿车,T
T,torch,2,火把,H
T,torchflower,3,火把花,H
T,torchflower_seeds,5,火把花种子,H
T,totem_of_undying,4,不死图腾,B
T,trapped_chest,3,陷阱箱,X
T,trial_explorer_map,7,试炼探险家地图,S
T,trial_key,4,试炼钥匙,S
T,trident,3,三叉戟,S
T,tripwire_hook,3,绊线钩,B
T,tropical_fish,3,热带鱼,R
T,tropical_fish_bucket,4,热带鱼桶,R
T,tube_coral,3,管珊瑚,G
T,tube_coral_block,4,管珊瑚块,G
T,tube_coral_fan,4,管珊瑚扇,G
T,tuff,3,凝灰岩,N
T,tuff_brick_slab,6,凝灰岩砖台阶,N
T,tuff_brick_stairs,6,凝灰岩砖楼梯,N
T,tuff_brick_wall,5,凝灰岩砖墙,N
T,tuff_bricks,4,凝灰岩砖,N
T,tuff_slab,5,凝灰岩台阶,N
T,tuff_stairs,5,凝灰岩楼梯,N
T,tuff_wall,4,凝灰岩墙,N
T,turtle_egg,3,海龟蛋,H
T,turtle_helmet,3,海龟壳,H
T,turtle_scute,4,海龟鳞甲,H
T,twisting_vines,3,缠怨藤,C
V,verdant_froglight,5,青翠蛙明灯,Q
V,vex_armor_trim_smithing_template,4,锻造模板,D
V,vine,2,藤蔓,T
W,ward_armor_trim_smithing_template,4,锻造模板,D
W,warm_ocean_ruins_map,8,暖水海底废墟地图,N
W,warped_button,5,诡异木按钮,G
W,warped_door,4,诡异木门,G
W,warped_fence,5,诡异木栅栏,G
W,warped_fence_gate,6,诡异木栅栏门,G
W,warped_fungus,3,诡异菌,G
W,warped_fungus_on_a_stick,5,诡异菌钓竿,G
W,warped_hanging_sign,9,悬挂式诡异木告示牌,X
W,warped_hyphae,4,诡异菌核,G
W,warped_nylium,4,诡异菌岩,G
W,warped_planks,4,诡异木板,G
W,warped_pressure_plate,6,诡异木压力板,G
W,warped_roots,4,诡异菌索,G
W,warped_shelf,6,诡异木展示架,G
W,warped_sign,6,诡异木告示牌,G
W,warped_slab,5,诡异木台阶,G
W,warped_stairs,5,诡异木楼梯,G
W,warped_stem,4,诡异菌柄,G
W,warped_trapdoor,6,诡异木活板门,G
W,warped_wart_block,4,诡异疣块,G
W,water_bucket,2,水桶,S
W,waxed_chiseled_copper,7,涂蜡的雕纹铜块,T
W,waxed_copper_bars,6,涂蜡的铜栏杆,T
W,waxed_copper_block,5,涂蜡的铜块,T
W,waxed_copper_bulb,5,涂蜡的铜灯,T
W,waxed_copper_chain,5,涂蜡的铜链,T
W,waxed_copper_chest,6,涂蜡的铜箱子,T
W,waxed_copper_door,5,涂蜡的铜门,T
W,waxed_copper_golem_statue,7,涂蜡的铜傀儡像,T
W,waxed_copper_grate,6,涂蜡的铜格栅,T
W,waxed_copper_lantern,6,涂蜡的铜灯笼,T
W,waxed_copper_trapdoor,7,涂蜡的铜活板门,T
W,waxed_cut_copper,7,涂蜡的切制铜块,T
W,waxed_cut_copper_slab,8,涂蜡的切制铜台阶,T
W,waxed_cut_copper_stairs,8,涂蜡的切制铜楼梯,T
W,waxed_exposed_chiseled_copper,9,涂蜡的斑驳雕纹铜块,T
W,waxed_exposed_copper,7,涂蜡的斑驳铜块,T
W,waxed_exposed_copper_bars,8,涂蜡的斑驳铜栏杆,T
W,waxed_exposed_copper_bulb,7,涂蜡的斑驳铜灯,T
W,waxed_exposed_copper_chain,7,涂蜡的斑驳铜链,T
W,waxed_exposed_copper_chest,8,涂蜡的斑驳铜箱子,T
W,waxed_exposed_copper_door,7,涂蜡的斑驳铜门,T
W,waxed_exposed_copper_golem_statue,9,涂蜡的斑驳铜傀儡像,T
W,waxed_exposed_copper_grate,8,涂蜡的斑驳铜格栅,T
W,waxed_exposed_copper_lantern,8,涂蜡的斑驳铜灯笼,T
W,waxed_exposed_copper_trapdoor,9,涂蜡的斑驳铜活板门,T
W,waxed_exposed_cut_copper,9,涂蜡的斑驳切制铜块,T
W,waxed_exposed_cut_copper_slab,10,涂蜡的斑驳切制铜台阶,T
W,waxed_exposed_cut_copper_stairs,10,涂蜡的斑驳切制铜楼梯,T
W,waxed_exposed_lightning_rod,8,涂蜡的斑驳避雷针,T
W,waxed_lightning_rod,6,涂蜡的避雷针,T
W,waxed_oxidized_chiseled_copper,9,涂蜡的氧化雕纹铜块,T
W,waxed_oxidized_copper,7,涂蜡的氧化铜块,T
W,waxed_oxidized_copper_bars,8,涂蜡的氧化铜栏杆,T
W,waxed_oxidized_copper_bulb,7,涂蜡的氧化铜灯,T
W,waxed_oxidized_copper_chain,7,涂蜡的氧化铜链,T
W,waxed_oxidized_copper_chest,8,涂蜡的氧化铜箱子,T
W,waxed_oxidized_copper_door,7,涂蜡的氧化铜门,T
W,waxed_oxidized_copper_golem_statue,9,涂蜡的氧化铜傀儡像,T
W,waxed_oxidized_copper_grate,8,涂蜡的氧化铜格栅,T
W,waxed_oxidized_copper_lantern,8,涂蜡的氧化铜灯笼,T
W,waxed_oxidized_copper_trapdoor,9,涂蜡的氧化铜活板门,T
W,waxed_oxidized_cut_copper,9,涂蜡的氧化切制铜块,T
W,waxed_oxidized_cut_copper_slab,10,涂蜡的氧化切制铜台阶,T
W,waxed_oxidized_cut_copper_stairs,10,涂蜡的氧化切制铜楼梯,T
W,waxed_oxidized_lightning_rod,8,涂蜡的氧化避雷针,T
W,waxed_weathered_chiseled_copper,9,涂蜡的锈蚀雕纹铜块,T
W,waxed_weathered_copper,7,涂蜡的锈蚀铜块,T
W,waxed_weathered_copper_bars,8,涂蜡的锈蚀铜栏杆,T
W,waxed_weathered_copper_bulb,7,涂蜡的锈蚀铜灯,T
W,waxed_weathered_copper_chain,7,涂蜡的锈蚀铜链,T
W,waxed_weathered_copper_chest,8,涂蜡的锈蚀铜箱子,T
W,waxed_weathered_copper_door,7,涂蜡的锈蚀铜门,T
W,waxed_weathered_copper_golem_statue,9,涂蜡的锈蚀铜傀儡像,T
W,waxed_weathered_copper_grate,8,涂蜡的锈蚀铜格栅,T
W,waxed_weathered_copper_lantern,8,涂蜡的锈蚀铜灯笼,T
W,waxed_weathered_copper_trapdoor,9,涂蜡的锈蚀铜活板门,T
W,waxed_weathered_cut_copper,9,涂蜡的锈蚀切制铜块,T
W,waxed_weathered_cut_copper_slab,10,涂蜡的锈蚀切制铜台阶,T
W,waxed_weathered_cut_copper_stairs,10,涂蜡的锈蚀切制铜楼梯,T
W,waxed_weathered_lightning_rod,8,涂蜡的锈蚀避雷针,T
W,wayfinder_armor_trim_smithing_template,4,锻造模板,D
W,weathered_chiseled_copper,7,锈蚀的雕纹铜块,X
W,weathered_copper,5,锈蚀的铜块,X
W,weathered_copper_bars,6,锈蚀的铜栏杆,X
W,weathered_copper_bulb,5,锈蚀的铜灯,X
W,weathered_copper_chain,5,锈蚀的铜链,X
W,weathered_copper_chest,6,锈蚀的铜箱子,X
W,weathered_copper_door,5,锈蚀的铜门,X
W,weathered_copper_golem_statue,7,锈蚀的铜傀儡像,X
W,weathered_copper_grate,6,锈蚀的铜格栅,X
W,weathered_copper_lantern,6,锈蚀的铜灯笼,X
W,weathered_copper_trapdoor,7,锈蚀的铜活板门,X
W,weathered_cut_copper,7,锈蚀的切制铜块,X
W,weathered_cut_copper_slab,8,锈蚀的切制铜台阶,X
W,weathered_cut_copper_stairs,8,锈蚀的切制铜楼梯,X
W,weathered_lightning_rod,6,锈蚀的避雷针,X
W,weeping_vines,3,垂泪藤,C
W,wet_sponge,3,湿海绵,S
W,wheat,2,小麦,X
W,wheat_seeds,4,小麦种子,X
W,white_banner,4,白色旗帜,B
W,white_bed,3,白色床,B
W,white_bundle,5,白色收纳袋,B
W,white_candle,4,白色蜡烛,B
W,white_carpet,4,白色地毯,B
W,white_concrete,5,白色混凝土,B
W,white_concrete_powder,7,白色混凝土粉末,B
W,white_concrete_slab,7,白色混凝土台阶,B
W,white_concrete_stairs,7,白色混凝土楼梯,B
W,white_cushion,4,白色坐垫,B
W,white_dye,4,白色染料,B
W,white_glazed_terracotta,6,白色带釉陶瓦,B
W,white_harness,4,白色挽具,B
W,white_shulker_box,5,白色潜影盒,B
W,white_stained_glass,6,白色染色玻璃,B
W,white_stained_glass_pane,7,白色染色玻璃板,B
W,white_terracotta,4,白色陶瓦,B
W,white_tulip,5,白色郁金香,B
W,white_wool,4,白色羊毛,B
W,white_wool_slab,6,白色羊毛台阶,B
W,white_wool_stairs,6,白色羊毛楼梯,B
W,wild_armor_trim_smithing_template,4,锻造模板,D
W,wildflowers,3,野花簇,Y
W,wind_charge,2,风弹,F
W,wither_rose,4,凋灵玫瑰,D
W,wither_skeleton_skull,6,凋灵骷髅头颅,D
W,wolf_armor,2,狼铠,L
W,wooden_axe,2,木斧,M
W,wooden_hoe,2,木锄,M
W,wooden_pickaxe,2,木镐,M
W,wooden_shovel,2,木锹,M
W,wooden_spear,2,木矛,M
W,wooden_sword,2,木剑,M
W,woodland_explorer_map,7,林地探险家地图,L
W,writable_book,3,书与笔,S
W,written_book,2,成书,C
Y,yellow_banner,4,黄色旗帜,H
Y,yellow_bed,3,黄色床,H
Y,yellow_bundle,5,黄色收纳袋,H
Y,yellow_candle,4,黄色蜡烛,H
Y,yellow_carpet,4,黄色地毯,H
Y,yellow_concrete,5,黄色混凝土,H
Y,yellow_concrete_powder,7,黄色混凝土粉末,H
Y,yellow_concrete_slab,7,黄色混凝土台阶,H
Y,yellow_concrete_stairs,7,黄色混凝土楼梯,H
Y,yellow_cushion,4,黄色坐垫,H
Y,yellow_dye,4,黄色染料,H
Y,yellow_glazed_terracotta,6,黄色带釉陶瓦,H
Y,yellow_harness,4,黄色挽具,H
Y,yellow_poplar_leaves,6,黄色杨树树叶,H
Y,yellow_shulker_box,5,黄色潜影盒,H
Y,yellow_stained_glass,6,黄色染色玻璃,H
Y,yellow_stained_glass_pane,7,黄色染色玻璃板,H
Y,yellow_terracotta,4,黄色陶瓦,H
Y,yellow_wool,4,黄色羊毛,H
Y,yellow_wool_slab,6,黄色羊毛台阶,H
Y,yellow_wool_stairs,6,黄色羊毛楼梯,H
Z,zombie_head,4,僵尸的头,J
